english,urdu,roman_urdu,note
wheat,گندم,gandum,
rice,چاول,chawal,
cotton,کپاس,kapas,
sugarcane,گنا,ganna,
maize,مکئی,makai,
citrus,کینو / مالٹا,kinnow / malta,
mango,آم,aam,
potato,آلو,aloo,
tomato,ٹماٹر,tamatar,
onion,پیاز,pyaz,
chili,مرچ,mirch,
yellowing leaves,پتوں کا پیلا پن,patton ka peela pan,
wilting,مرجھانا,murjhana,
leaf spots,پتوں پر دھبے,patton par dhabbe,
salinity,شوریت / کلر,shoorit / kallar,soil salt problem
waterlogging,پانی کھڑا ہونا,pani khara hona,
irrigation,آبپاشی / سینچائی,abpashi / sinchai,
fertilizer,کھاد,khaad,
